source_group,series,controller,seed,steps,brownout_steps,unserved_energy_mwh,surplus_energy_mwh,co2_kg,renewable_share_of_demand,peak_deficit_mw,max_frequency_deviation_hz,ticks_outside_freq_dead_band,total_cost_eur,market_revenue_eur,net_eur,lcoe_eur_per_mwh,reproducibility_hash,metrics_path,csv_path,endstate_path
baseline,baseline_n15,naive,3,96,60,1271.5196680298461,406.0282794498874,26733.749999999996,0.5660135266628432,184.9522749489033,0.92476137474452,66,9087915.669958923,325901.51461197744,-8762014.155346945,2283.245639383673,b77d749c58aa1af8,01_baselines\naive\seed_03\naive.metrics.json,01_baselines\naive\seed_03\naive.csv,
baseline,baseline_n15,naive,5,96,59,1227.1663337662267,415.8532721241986,26733.749999999996,0.5771941055119925,183.2041061243693,0.9160205306218501,66,8777442.330113588,330115.0813670215,-8447327.248746566,2175.6282892389604,ca73657c75fc0864,01_baselines\naive\seed_05\naive.metrics.json,01_baselines\naive\seed_05\naive.csv,
baseline,baseline_n15,naive,7,96,61,1246.1421605113405,386.2995112423479,26733.749999999996,0.5671792358833753,180.30018261554164,0.9015009130777116,62,8910273.117329383,328312.3778262355,-8581960.739503147,2235.4422568276013,bff5b108b452f8ec,01_baselines\naive\seed_07\naive.metrics.json,01_baselines\naive\seed_07\naive.csv,
baseline,baseline_n15,naive,13,96,62,1254.7670612535976,384.73346517824535,26733.749999999996,0.565076168277642,181.1735408588323,0.9058677042941596,61,8970647.422525184,327493.01225572097,-8643154.410269463,2256.3581121594166,8210019b3f8c0ac5,01_baselines\naive\seed_13\naive.metrics.json,01_baselines\naive\seed_13\naive.csv,
baseline,baseline_n15,naive,17,96,61,1248.3363652017424,379.2878660335881,26733.749999999996,0.565279459044771,185.62314850190586,0.9281157425095259,64,8925632.550162198,328103.9283806473,-8597528.62178155,2244.4795327733027,1fcbc657ca07fce9,01_baselines\naive\seed_17\naive.metrics.json,01_baselines\naive\seed_17\naive.csv,
baseline,baseline_n15,naive,19,96,59,1250.958804207858,410.2223205936853,26733.749999999996,0.5711221038839569,184.40149153861225,0.9220074576930628,66,8943989.623205006,327854.7966750663,-8616134.82652994,2233.196517398621,6ced1b5ddcb76508,01_baselines\naive\seed_19\naive.metrics.json,01_baselines\naive\seed_19\naive.csv,
baseline,baseline_n15,naive,23,96,61,1276.304460268739,379.82426230525675,26733.749999999996,0.5596184818850546,184.9967259328043,0.9249836296640197,60,9121409.215631172,325446.9593492828,-8795962.25628189,2309.642550074749,aa1110c632fd8fe8,01_baselines\naive\seed_23\naive.metrics.json,01_baselines\naive\seed_23\naive.csv,
baseline,baseline_n15,naive,31,96,59,1210.1097302141209,412.05990577580343,26733.749999999996,0.5799311902049351,183.47139424966062,0.917356971248303,62,8658046.105248846,331735.4587044715,-8326310.6465443745,2139.0020641331116,df807d1dd19cbe31,01_baselines\naive\seed_31\naive.metrics.json,01_baselines\naive\seed_31\naive.csv,
baseline,baseline_n15,naive,41,96,60,1257.3770614877828,424.8799076852913,26733.749999999996,0.57282242358429,184.21276158129322,0.9210638079064637,62,8988917.42416448,327245.0622334733,-8661672.361931005,2239.8065510726356,161cb0b9838553e8,01_baselines\naive\seed_41\naive.metrics.json,01_baselines\naive\seed_41\naive.csv,
baseline,baseline_n15,naive,42,96,59,1225.5370821577412,377.52977333044595,26733.749999999996,0.5696216508580295,183.08374140931437,0.9154187070465696,62,8766037.568854189,330269.86026982754,-8435767.70858436,2192.7450047561706,0dab242f1ccbf1a9,01_baselines\naive\seed_42\naive.metrics.json,01_baselines\naive\seed_42\naive.csv,
baseline,baseline_n15,naive,55,96,61,1258.4479427325832,407.49444238231797,26733.749999999996,0.5690136563242559,177.47234983789062,0.8873617491894521,73,8996413.592878083,327143.32851521746,-8669270.264362866,2252.0311472921708,427ed5a82ebaf030,01_baselines\naive\seed_55\naive.metrics.json,01_baselines\naive\seed_55\naive.csv,
baseline,baseline_n15,naive,67,96,59,1273.174528368874,394.0250382750684,26733.749999999996,0.5631949552979467,184.1280916278414,0.9206404581392036,64,9099499.692332119,325744.3028797701,-8773755.38945235,2294.027866464019,b380b04164f9944d,01_baselines\naive\seed_67\naive.metrics.json,01_baselines\naive\seed_67\naive.csv,
baseline,baseline_n15,naive,73,96,60,1225.6704081946375,419.7310292664259,26733.749999999996,0.5783030523305415,184.40222360216424,0.9220111180108219,65,8766970.851112463,330257.19429632224,-8436713.65681614,2170.142240742023,bbb65a88abab5513,01_baselines\naive\seed_73\naive.metrics.json,01_baselines\naive\seed_73\naive.csv,
baseline,baseline_n15,naive,88,96,59,1253.9244063824822,400.8978069043597,26733.749999999996,0.5685858386050475,182.66101478129747,0.9133050739064856,64,8964748.838427376,327573.06446847704,-8637175.7739589,2245.2698353824,24379366a6d9bcc9,01_baselines\naive\seed_88\naive.metrics.json,01_baselines\naive\seed_88\naive.csv,
baseline,baseline_n15,naive,99,96,58,1244.999017857554,407.31870763710606,26733.749999999996,0.5717527949653622,181.59711176464617,0.9079855588232277,64,8902271.118752878,328420.9763783454,-8573850.142374532,2221.085076248568,5fec1c02f5cf1c34,01_baselines\naive\seed_99\naive.metrics.json,01_baselines\naive\seed_99\naive.csv,
baseline,baseline_n15,rule_based,3,96,62,249.7948166925986,20.37123707195038,26733.750000000004,0.5721846991771989,75.32972791748837,0.37664863958744377,6,1938225.9855981902,422965.3754890158,-1515260.6101091744,424.6708078637385,90ea853ebb054272,01_baselines\rule_based\seed_03\rule_based.metrics.json,01_baselines\rule_based\seed_03\rule_based.csv,
baseline,baseline_n15,rule_based,5,96,64,201.79434426232078,26.54909157960331,26733.750000000004,0.5834871784362116,66.44092970566889,0.3322046485283465,3,1602222.6785862455,427525.42036989215,-1174697.2582163534,346.9332166857778,edbc14d48aecb6c2,01_baselines\rule_based\seed_05\rule_based.metrics.json,01_baselines\rule_based\seed_05\rule_based.csv,
baseline,baseline_n15,rule_based,7,96,67,243.4339208125245,19.084080502842486,26733.750000000004,0.5733631179750865,76.53401991040155,0.3826700995520085,5,1893699.7144376715,423569.6605976228,-1470130.0538400486,414.4542390109949,6555bc77ca639a31,01_baselines\rule_based\seed_07\rule_based.metrics.json,01_baselines\rule_based\seed_07\rule_based.csv,
baseline,baseline_n15,rule_based,13,96,67,252.039948089169,17.49916097312695,26733.75,0.5712371208943621,82.72924166264424,0.4136462083132244,6,1953941.905374183,422752.08800634166,-1531189.8173678415,428.59474858461834,9aad944eea7d58f7,01_baselines\rule_based\seed_13\rule_based.metrics.json,01_baselines\rule_based\seed_13\rule_based.csv,
baseline,baseline_n15,rule_based,17,96,67,247.95502163048053,14.39933142163631,26733.75,0.5714426281145181,79.51241592639474,0.39756207963197454,6,1925347.4201633637,423140.156019917,-1502207.2641434467,422.23134783618474,8f6943fd2908c929,01_baselines\rule_based\seed_17\rule_based.metrics.json,01_baselines\rule_based\seed_17\rule_based.csv,
baseline,baseline_n15,rule_based,19,96,62,235.71959742388185,29.764186828619803,26733.750000000004,0.5771801103706841,70.76984115154211,0.3538492057577116,6,1839712.7912364865,424302.5213195439,-1415410.2699169426,400.90168761160146,238df2ef1de86fde,01_baselines\rule_based\seed_19\rule_based.metrics.json,01_baselines\rule_based\seed_19\rule_based.csv,
baseline,baseline_n15,rule_based,23,96,63,285.09823926080355,24.685850256631944,26733.750000000004,0.5657199300506064,88.20286658508213,0.4410143329254126,8,2185349.943575625,419611.5503450364,-1765738.3932305884,482.08962889530244,8f9879dd6d18c248,01_baselines\rule_based\seed_23\rule_based.metrics.json,01_baselines\rule_based\seed_23\rule_based.csv,
baseline,baseline_n15,rule_based,31,96,60,187.52307566706855,24.966060188062283,26733.750000000007,0.586254105210714,46.56503934230361,0.23282519671151647,2,1502323.79841948,428881.19088644115,-1073442.6075330388,324.41057594917135,c5228a14f10df259,01_baselines\rule_based\seed_31\rule_based.metrics.json,01_baselines\rule_based\seed_31\rule_based.csv,
baseline,baseline_n15,rule_based,41,96,63,225.39670680019432,28.361553490788488,26733.750000000004,0.5790296633056646,79.25115811216602,0.39625579056082927,5,1767442.222151719,425283.1959287942,-1342159.0262229247,384.49644227729294,6ba119ea40edfb77,01_baselines\rule_based\seed_41\rule_based.metrics.json,01_baselines\rule_based\seed_41\rule_based.csv,
baseline,baseline_n15,rule_based,42,96,66,224.9985295974098,12.484029729424694,26733.75,0.5758321622853491,80.69507811511116,0.4034753905755579,4,1764651.9759318687,425321.02276305866,-1339330.9531688099,385.21310228356566,f6603a498ee63ab3,01_baselines\rule_based\seed_42\rule_based.metrics.json,01_baselines\rule_based\seed_42\rule_based.csv,
baseline,baseline_n15,rule_based,55,96,61,234.32749602471236,18.86680463375756,26733.750000000004,0.5752175388655525,73.68848356751178,0.3684424178375565,5,1829954.7409229865,424434.77095246484,-1405519.9699705217,399.72538799738334,17c531948246d1d5,01_baselines\rule_based\seed_55\rule_based.metrics.json,01_baselines\rule_based\seed_55\rule_based.csv,
baseline,baseline_n15,rule_based,67,96,66,264.8946502719649,21.81296913746928,26733.75,0.5693353972920632,77.94075766175278,0.38970378830876484,8,2043924.8206537543,421530.8912989759,-1622393.9293547785,449.1738880338202,245c471ff0348714,01_baselines\rule_based\seed_67\rule_based.metrics.json,01_baselines\rule_based\seed_67\rule_based.csv,
baseline,baseline_n15,rule_based,73,96,66,185.00256674264332,13.4059967737417,26733.75,0.584608215958965,50.1515559978739,0.250757779989371,2,1484680.2359485033,429120.6392342615,-1055559.5967142417,321.2276739570523,9ab639dcc0ab19ee,01_baselines\rule_based\seed_73\rule_based.metrics.json,01_baselines\rule_based\seed_73\rule_based.csv,
baseline,baseline_n15,rule_based,88,96,60,242.62212110279157,25.046038025499875,26733.750000000004,0.5747330482870183,76.58717376542667,0.3829358688271327,6,1888021.2427050543,423646.7815700474,-1464374.461135007,412.56066327641514,79d0e08272a54716,01_baselines\rule_based\seed_88\rule_based.metrics.json,01_baselines\rule_based\seed_88\rule_based.csv,
baseline,baseline_n15,rule_based,99,96,62,218.19616823740392,15.875515934902,26733.75,0.5778219221723916,74.54824392797764,0.3727412196398916,4,1717048.4371736837,425967.24709225923,-1291081.1900814245,373.87809804529456,1ed9d38c1d213c56,01_baselines\rule_based\seed_99\rule_based.metrics.json,01_baselines\rule_based\seed_99\rule_based.csv,
claude_live,reihe_01,claude_subagent,7,96,62,1067.1732939855767,649.9976251044653,27349.75,0.5014376219016193,139.98492386239903,1.0,68,7678039.571649037,345314.4201461832,-7332725.151502854,1516.2346032520536,8736daf801b9b423,02_claude_live\reihe_01\seed_07\claude_subagent.metrics.json,02_claude_live\reihe_01\seed_07\claude_subagent.csv,02_claude_live\reihe_01\seed_07\claude_subagent.endstate.json
claude_live,reihe_01,claude_subagent,13,96,51,788.7756651342896,507.26197675932434,26887.749999999993,0.5326595474319704,161.73641681594978,0.814088884350582,57,5717928.4796900265,371914.54389192857,-5346013.935798098,1176.7360662728872,41d4c9f8b163844b,02_claude_live\reihe_01\seed_13\claude_subagent.metrics.json,02_claude_live\reihe_01\seed_13\claude_subagent.csv,02_claude_live\reihe_01\seed_13\claude_subagent.endstate.json
claude_live,reihe_01,claude_subagent,23,96,55,1053.3550127174497,643.4547432609039,27022.499999999996,0.5230427456995538,156.31900027017304,0.9353108852424512,68,7572736.689022147,346627.1568666551,-7226109.532155492,1586.0095633672827,0e722859b9a8744a,02_claude_live\reihe_01\seed_23\claude_subagent.metrics.json,02_claude_live\reihe_01\seed_23\claude_subagent.csv,02_claude_live\reihe_01\seed_23\claude_subagent.endstate.json
claude_live,reihe_01,claude_subagent,42,96,52,941.8016044426582,614.1710236486737,27003.25,0.5136481376890714,190.5690098161324,0.9528450490806648,61,6793639.57311038,357224.7306527605,-6436414.8424576195,1346.2944815563212,3d6d4667506bc511,02_claude_live\reihe_01\seed_42\claude_subagent.metrics.json,02_claude_live\reihe_01\seed_42\claude_subagent.csv,02_claude_live\reihe_01\seed_42\claude_subagent.endstate.json
claude_live,reihe_01,claude_subagent,99,96,44,943.5353757074453,702.1472080285673,26878.124999999996,0.5436880581515243,169.82697828883198,1.0,58,6800369.100577117,357060.0223826057,-6443309.078194511,1400.8385014396724,3ea77c705f620dd7,02_claude_live\reihe_01\seed_99\claude_subagent.metrics.json,02_claude_live\reihe_01\seed_99\claude_subagent.csv,02_claude_live\reihe_01\seed_99\claude_subagent.endstate.json
claude_live,reihe_02,claude_subagent,3,96,56,871.4190738831578,460.5840839542914,26935.874999999996,0.5155987498254733,221.02484366419276,1.0,42,6297954.134057105,364440.8018762575,-5933513.332180847,1283.0104717160118,fc8172f74e2f8123,02_claude_live\reihe_02\seed_03\claude_subagent.metrics.json,02_claude_live\reihe_02\seed_03\claude_subagent.csv,02_claude_live\reihe_02\seed_03\claude_subagent.endstate.json
claude_live,reihe_02,claude_subagent,17,96,51,1065.5395636393998,689.7571211132273,26984.0,0.505393912394854,133.4132209906941,0.8022934526346717,70,7658789.895475799,345469.62452906993,-7313320.270946729,1518.348589895136,9dc07d5b6fc60a88,02_claude_live\reihe_02\seed_17\claude_subagent.metrics.json,02_claude_live\reihe_02\seed_17\claude_subagent.csv,02_claude_live\reihe_02\seed_17\claude_subagent.endstate.json
claude_live,reihe_02,claude_subagent,31,96,57,1324.4897705647188,956.1138116600944,27051.374999999993,0.49387564070120066,259.84254237612447,1.0,77,9475009.504249083,320869.3548711647,-9154140.149377918,1780.4386892080502,a87da1f229553d9f,02_claude_live\reihe_02\seed_31\claude_subagent.metrics.json,02_claude_live\reihe_02\seed_31\claude_subagent.csv,02_claude_live\reihe_02\seed_31\claude_subagent.endstate.json
claude_live,reihe_02,claude_subagent,55,96,57,1220.5868676697692,837.9857455584814,27041.749999999996,0.5087091692062704,195.73509983802276,1.0,73,8745432.062438384,330740.13064618496,-8414691.9317922,1736.0356577887358,ba015dcd720809d1,02_claude_live\reihe_02\seed_55\claude_subagent.metrics.json,02_claude_live\reihe_02\seed_55\claude_subagent.csv,02_claude_live\reihe_02\seed_55\claude_subagent.endstate.json
claude_live,reihe_02,claude_subagent,73,96,56,1012.5170182253985,643.7252696850691,27138.000000000007,0.5146523521824774,256.93638760771654,1.0,59,7291475.73257779,357043.9800737397,-6934431.75250405,1436.3844862650565,07980a98f13b0559,02_claude_live\reihe_02\seed_73\claude_subagent.metrics.json,02_claude_live\reihe_02\seed_73\claude_subagent.csv,02_claude_live\reihe_02\seed_73\claude_subagent.endstate.json
claude_live,reihe_03,claude_subagent,5,96,54,875.5313365385663,607.1086949985091,26907.000000000004,0.5382694470902359,133.38687061195589,0.66693435305978,66,6325391.355769964,363520.40610364923,-5961870.949666315,1283.6270293733648,a6c2466507bb7000,02_claude_live\reihe_03\seed_05\claude_subagent.metrics.json,02_claude_live\reihe_03\seed_05\claude_subagent.csv,02_claude_live\reihe_03\seed_05\claude_subagent.endstate.json
claude_live,reihe_03,claude_subagent,19,96,67,1223.7057887493488,831.5290171164345,27022.499999999993,0.4991961369684203,193.29494058369806,1.0,67,8767521.193745442,330443.83314362494,-8437077.360601816,1701.8463854384906,274377deb0b3cdcf,02_claude_live\reihe_03\seed_19\claude_subagent.metrics.json,02_claude_live\reihe_03\seed_19\claude_subagent.csv,02_claude_live\reihe_03\seed_19\claude_subagent.endstate.json
claude_live,reihe_03,claude_subagent,41,96,60,831.946677432088,477.3012623741588,26984.0,0.5249784295190129,169.53594309787835,0.8476797154893916,52,6022243.327024616,367660.9487187646,-5654582.3783058515,1220.875198454387,9206a24876a6b03d,02_claude_live\reihe_03\seed_41\claude_subagent.metrics.json,02_claude_live\reihe_03\seed_41\claude_subagent.csv,02_claude_live\reihe_03\seed_41\claude_subagent.endstate.json
claude_live,reihe_03,claude_subagent,67,96,58,1077.381950642632,650.6442306390215,27099.49999999999,0.49710870946052194,192.9164394793788,1.0,52,7744885.117760197,344344.5977637628,-7400540.519996434,1529.6375053224137,bdb17a9dbb2d2d30,02_claude_live\reihe_03\seed_67\claude_subagent.metrics.json,02_claude_live\reihe_03\seed_67\claude_subagent.csv,02_claude_live\reihe_03\seed_67\claude_subagent.endstate.json
claude_live,reihe_03,claude_subagent,88,96,52,1135.763249055977,745.9458490093442,27041.75,0.5042619954536258,205.67138692758942,1.0,65,8151736.140396686,338798.3744144949,-7812937.765982191,1606.5503747985015,bc60049b20f32c45,02_claude_live\reihe_03\seed_88\claude_subagent.metrics.json,02_claude_live\reihe_03\seed_88\claude_subagent.csv,02_claude_live\reihe_03\seed_88\claude_subagent.endstate.json
codex_operator,round_01_codex_r1,codex_operator,3,96,51,319.62221426455255,7.17535897571571,26457.28713774493,0.5721846991771989,123.6807065853421,0.6184035329267132,15,2420635.62342671,416331.7727196803,-2004303.8507070295,540.194610038398,2acc753c350c1ec2,03_codex_operator\round_01_codex_r1\seed_03\codex_operator.metrics.json,03_codex_operator\round_01_codex_r1\seed_03\codex_operator.csv,
codex_operator,round_01_codex_r1,codex_operator,5,96,62,262.62526280539856,5.180010122680401,26500.379685520053,0.5834871784362116,106.01411063850672,0.5300705531925303,13,2022651.7546780203,421746.4831082998,-1600905.2715697205,445.9064328180836,2cd9f5df3a52b33a,03_codex_operator\round_01_codex_r1\seed_05\codex_operator.metrics.json,03_codex_operator\round_01_codex_r1\seed_05\codex_operator.csv,
codex_operator,round_01_codex_r1,codex_operator,7,96,57,320.79173042607283,15.958389024721596,26451.78673567741,0.5733631179750865,107.99248552444169,0.539962427622207,15,2428695.2597756227,416220.6686843357,-2012474.591091287,541.0739057932923,dedfa964690ed44d,03_codex_operator\round_01_codex_r1\seed_07\codex_operator.metrics.json,03_codex_operator\round_01_codex_r1\seed_07\codex_operator.csv,
codex_operator,round_01_codex_r1,codex_operator,13,96,66,326.7539135653828,10.588126449340255,26442.410166863276,0.5712371208943621,128.21796072651782,0.6410898036325889,15,2470214.0836597183,415654.26128610136,-2054559.822373617,551.7165367437881,daa67e5d083b9c07,03_codex_operator\round_01_codex_r1\seed_13\codex_operator.metrics.json,03_codex_operator\round_01_codex_r1\seed_13\codex_operator.csv,
codex_operator,round_01_codex_r1,codex_operator,17,96,57,332.0242570215122,16.843566812667692,26442.751955787222,0.5714426281145181,123.61100999496772,0.6180550499748421,15,2507114.3780499334,415153.578657769,-2091960.7993921642,559.8349567933901,1228861206ac79ec,03_codex_operator\round_01_codex_r1\seed_17\codex_operator.metrics.json,03_codex_operator\round_01_codex_r1\seed_17\codex_operator.csv,
codex_operator,round_01_codex_r1,codex_operator,19,96,58,290.7726050844371,3.767194489174716,26471.25,0.5771801103706841,122.28313031444874,0.6114156515722442,14,2219024.032360373,419072.48559179116,-1799951.546768582,492.2536395378147,e84579f49cf70926,03_codex_operator\round_01_codex_r1\seed_19\codex_operator.metrics.json,03_codex_operator\round_01_codex_r1\seed_19\codex_operator.csv,
codex_operator,round_01_codex_r1,codex_operator,23,96,60,351.32578718756486,8.713398183393306,26449.546001648967,0.5657199300506064,120.86917321393778,0.6043458660696857,16,2642381.9297610205,413319.93329199415,-2229061.9964690264,593.6765430858806,335638b0f966a7d4,03_codex_operator\round_01_codex_r1\seed_23\codex_operator.metrics.json,03_codex_operator\round_01_codex_r1\seed_23\codex_operator.csv,
codex_operator,round_01_codex_r1,codex_operator,31,96,50,256.2788872909264,12.096871811919623,26505.78864439604,0.586254105210714,122.31643983331487,0.6115821991665769,13,1978351.9918923674,422349.3887821748,-1556002.6031101926,434.8687276895267,4a23260f2250f7df,03_codex_operator\round_01_codex_r1\seed_31\codex_operator.metrics.json,03_codex_operator\round_01_codex_r1\seed_31\codex_operator.csv,
codex_operator,round_01_codex_r1,codex_operator,41,96,56,283.71300331457036,5.052850005164025,26478.93692422001,0.5790296633056646,116.68903386855078,0.5834451693427525,14,2169773.93789797,419743.14775992866,-1750030.7901380414,480.5545113179894,d4278ae6dfa8d5de,03_codex_operator\round_01_codex_r1\seed_41\codex_operator.metrics.json,03_codex_operator\round_01_codex_r1\seed_41\codex_operator.csv,
codex_operator,round_01_codex_r1,codex_operator,42,96,58,307.2084485721715,14.407562054890956,26457.414507159483,0.5758321622853491,123.70357406118285,0.6185178703059151,15,2333742.2039029775,417511.0804604564,-1916231.123442521,518.5299154318609,69a936ccc9fc4e08,03_codex_operator\round_01_codex_r1\seed_42\codex_operator.metrics.json,03_codex_operator\round_01_codex_r1\seed_42\codex_operator.csv,
codex_operator,round_01_codex_r1,codex_operator,55,96,49,311.9515011144771,14.86580972352216,26457.298810146287,0.5752175388655525,115.12878861407815,0.5756439430703892,15,2366940.9008335667,417060.49046893726,-1949880.4103646295,526.4074304596726,c40f59fe5b2ccec9,03_codex_operator\round_01_codex_r1\seed_55\codex_operator.metrics.json,03_codex_operator\round_01_codex_r1\seed_55\codex_operator.csv,
codex_operator,round_01_codex_r1,codex_operator,67,96,62,331.7828386761699,6.5011575416742575,26453.255438297943,0.5693353972920632,118.81375530620882,0.5940687765310457,16,2505666.922526297,415176.5134005765,-2090490.4091257206,560.7765941399738,901e0c9f4572b281,03_codex_operator\round_01_codex_r1\seed_67\codex_operator.metrics.json,03_codex_operator\round_01_codex_r1\seed_67\codex_operator.csv,
codex_operator,round_01_codex_r1,codex_operator,73,96,57,269.74566987994325,17.674099911041527,26488.99191142808,0.584608215958965,112.02042831935866,0.5601021415967935,13,2072231.7174349201,421070.0444362181,-1651161.6729987022,456.29609380490126,2740c19797b161ae,03_codex_operator\round_01_codex_r1\seed_73\codex_operator.metrics.json,03_codex_operator\round_01_codex_r1\seed_73\codex_operator.csv,
codex_operator,round_01_codex_r1,codex_operator,88,96,55,303.54605478910855,4.344971711816204,26471.25,0.5747330482870183,111.35740880013323,0.5567870440006644,14,2308428.966009273,417859.0078698474,-1890569.9581394258,513.5864592432807,37ff91527e077ff8,03_codex_operator\round_01_codex_r1\seed_88\codex_operator.metrics.json,03_codex_operator\round_01_codex_r1\seed_88\codex_operator.csv,
codex_operator,round_01_codex_r1,codex_operator,99,96,57,293.88757297075347,9.941920668251635,26473.171402468433,0.5778219221723916,122.62028832299582,0.6131014416149796,14,2240872.8133831145,418776.5636425911,-1822096.2497405233,496.7672966263932,f35ebf14b59f55dd,03_codex_operator\round_01_codex_r1\seed_99\codex_operator.metrics.json,03_codex_operator\round_01_codex_r1\seed_99\codex_operator.csv,
codex_operator,round_02_codex_r2,codex_r2,3,96,51,315.497214264553,7.175358975715704,26621.25,0.5721846991771989,123.6807065853421,0.6184035329267132,13,2395545.706101871,416723.6477196802,-1978822.0583821908,534.103820089529,498789136faae24a,03_codex_operator\round_02_codex_r2\seed_03\codex_r2.metrics.json,03_codex_operator\round_02_codex_r2\seed_03\codex_r2.csv,
codex_operator,round_02_codex_r2,codex_r2,5,96,61,258.50026280539856,5.180010122680402,26641.729322180607,0.5834871784362116,106.01411063850672,0.5300705531925303,12,1997039.8110403293,422138.3581082998,-1574901.4529320295,439.8601160091131,55d10ac9f99b777f,03_codex_operator\round_02_codex_r2\seed_05\codex_r2.metrics.json,03_codex_operator\round_02_codex_r2\seed_05\codex_r2.csv,
codex_operator,round_02_codex_r2,codex_r2,7,96,56,316.66673042607295,15.958389024721601,26623.734971179318,0.5733631179750865,107.99248552444169,0.539962427622207,14,2403789.684792185,416612.5436843358,-1987177.1411078493,535.0336608190808,0fe95a6b65149960,03_codex_operator\round_02_codex_r2\seed_07\codex_r2.metrics.json,03_codex_operator\round_02_codex_r2\seed_07\codex_r2.csv,
codex_operator,round_02_codex_r2,codex_r2,13,96,65,322.6289135653827,10.588126449340258,26621.25,0.5712371208943621,124.99744915405374,0.6249872457702708,14,2445467.6012076787,416046.1362861014,-2029421.4649215774,545.6867216379145,4e50a1ec0aac1e34,03_codex_operator\round_02_codex_r2\seed_13\codex_r2.metrics.json,03_codex_operator\round_02_codex_r2\seed_13\codex_r2.csv,
codex_operator,round_02_codex_r2,codex_r2,17,96,55,327.8992570215122,16.843566812667703,26621.25,0.5714426281145181,123.61100999496772,0.6180550499748421,14,2482360.005400585,415545.4536577691,-2066814.5517428159,553.7972355540608,3ccef84eae997d9b,03_codex_operator\round_02_codex_r2\seed_17\codex_r2.metrics.json,03_codex_operator\round_02_codex_r2\seed_17\codex_r2.csv,
codex_operator,round_02_codex_r2,codex_r2,19,96,57,286.6476050844371,3.7671944891747158,26639.200240781065,0.5771801103706841,122.28313031444874,0.6114156515722442,13,2194026.163668804,419464.36059179116,-1774561.8030770128,486.2633159499014,57432779a63d4c3b,03_codex_operator\round_02_codex_r2\seed_19\codex_r2.metrics.json,03_codex_operator\round_02_codex_r2\seed_19\codex_r2.csv,
codex_operator,round_02_codex_r2,codex_r2,23,96,60,347.20078718756497,8.713398183393302,26621.09952886596,0.5657199300506064,120.86917321393778,0.6043458660696857,14,2617467.2429368254,413711.8082919941,-2203755.4346448313,587.5343245752126,904224c13dab1db7,03_codex_operator\round_02_codex_r2\seed_23\codex_r2.metrics.json,03_codex_operator\round_02_codex_r2\seed_23\codex_r2.csv,
codex_operator,round_02_codex_r2,codex_r2,31,96,50,252.15388729092635,12.09687181191961,26658.750000000004,0.586254105210714,113.02582836235061,0.5651291418117523,12,1953008.1047864845,422741.26378217473,-1530266.8410043097,428.9088908524225,de028f2c31e2f67b,03_codex_operator\round_02_codex_r2\seed_31\codex_r2.metrics.json,03_codex_operator\round_02_codex_r2\seed_31\codex_r2.csv,
codex_operator,round_02_codex_r2,codex_r2,41,96,56,279.5880033145703,5.052850005164023,26635.465907979014,0.5790296633056646,116.68903386855078,0.5834451693427525,12,2144512.409488046,420135.02275992854,-1724377.3867281175,474.526146614298,6caddbdaa026983c,03_codex_operator\round_02_codex_r2\seed_41\codex_r2.metrics.json,03_codex_operator\round_02_codex_r2\seed_41\codex_r2.csv,
codex_operator,round_02_codex_r2,codex_r2,42,96,58,303.08344857217133,14.407562054890958,26623.6071745295,0.5758321622853491,123.70357406118285,0.6185178703059151,13,2308703.7616292126,417902.95546045643,-1890800.8061687562,512.4969528095062,51d18d5eb8384f1a,03_codex_operator\round_02_codex_r2\seed_42\codex_r2.metrics.json,03_codex_operator\round_02_codex_r2\seed_42\codex_r2.csv,
codex_operator,round_02_codex_r2,codex_r2,55,96,49,307.8265011144771,14.865809723522155,26621.250000000004,0.5752175388655525,115.10573994668633,0.5755286997334323,13,2341850.71405134,417452.3654689372,-1924398.3485824026,520.3500064227031,9e79a76a3b5e0bac,03_codex_operator\round_02_codex_r2\seed_55\codex_r2.metrics.json,03_codex_operator\round_02_codex_r2\seed_55\codex_r2.csv,
codex_operator,round_02_codex_r2,codex_r2,67,96,62,327.6578386761698,6.5011575416742575,26621.25,0.5693353972920632,118.81375530620882,0.5940687765310457,14,2480670.0769831883,415568.3884005765,-2065101.6885826117,554.6701517076804,bb21818a558da6a9,03_codex_operator\round_02_codex_r2\seed_67\codex_r2.metrics.json,03_codex_operator\round_02_codex_r2\seed_67\codex_r2.csv,
codex_operator,round_02_codex_r2,codex_r2,73,96,57,265.6206698799431,17.674099911041523,26651.890319730548,0.584608215958965,102.80263054539208,0.5140131527269602,12,2047117.2271905812,421461.91943621804,-1625655.3077543632,450.35693403534225,8793a8d959ed4a72,03_codex_operator\round_02_codex_r2\seed_73\codex_r2.metrics.json,03_codex_operator\round_02_codex_r2\seed_73\codex_r2.csv,
codex_operator,round_02_codex_r2,codex_r2,88,96,54,299.42105478910844,4.344971711816204,26632.380180943685,0.5747330482870183,111.35740880013323,0.5567870440006644,13,2283273.656236357,418250.88286984747,-1865022.7733665095,507.5240510903446,db48cd96a91d6bd9,03_codex_operator\round_02_codex_r2\seed_88\codex_r2.metrics.json,03_codex_operator\round_02_codex_r2\seed_88\codex_r2.csv,
codex_operator,round_02_codex_r2,codex_r2,99,96,57,289.76257297075335,9.941920668251633,26634.39482356663,0.5778219221723916,122.62028832299582,0.6131014416149796,13,2215719.6560591655,419168.4386425911,-1796551.2174165742,490.74246638198645,9c8f645f407b7931,03_codex_operator\round_02_codex_r2\seed_99\codex_r2.metrics.json,03_codex_operator\round_02_codex_r2\seed_99\codex_r2.csv,
codex_operator,round_03_codex_r3,codex_r3,3,96,51,315.49721426455295,7.175358975715704,26614.46940793371,0.5721846991771989,103.17102830653675,0.5158551415326826,14,2395389.1761340206,416723.6477196802,-1978665.5284143402,534.0689206285942,57195dae76ec1938,03_codex_operator\round_03_codex_r3\seed_03\codex_r3.metrics.json,03_codex_operator\round_03_codex_r3\seed_03\codex_r3.csv,
codex_operator,round_03_codex_r3,codex_r3,5,96,62,258.5002628053985,5.1800101226804,26637.828945614277,0.5834871784362116,100.71491803944294,0.5035745901972177,13,1996949.7708472952,422138.35810829984,-1574811.4127389954,439.8402841111536,7126d819710984e5,03_codex_operator\round_03_codex_r3\seed_05\codex_r3.metrics.json,03_codex_operator\round_03_codex_r3\seed_05\codex_r3.csv,
codex_operator,round_03_codex_r3,codex_r3,7,96,57,316.6667304260729,15.9583890247216,26608.759553161388,0.5733631179750865,113.85522831666088,0.5692761415833019,14,2403443.9772672406,416612.5436843357,-1986831.433582905,534.9567135038418,1195b4196bd5a088,03_codex_operator\round_03_codex_r3\seed_07\codex_r3.metrics.json,03_codex_operator\round_03_codex_r3\seed_07\codex_r3.csv,
codex_operator,round_03_codex_r3,codex_r3,13,96,66,322.6289135653826,10.588126449340258,26602.5,0.5712371208943621,114.7547078182267,0.5737735390911354,14,2445034.757457678,416046.1362861015,-2028988.6211715767,545.5901359841923,676e473dab0a8b17,03_codex_operator\round_03_codex_r3\seed_13\codex_r3.metrics.json,03_codex_operator\round_03_codex_r3\seed_13\codex_r3.csv,
codex_operator,round_03_codex_r3,codex_r3,17,96,56,327.89925702151214,16.843566812667703,26602.5,0.5714426281145181,102.03587871670322,0.5101793935835133,14,2481927.161650585,415545.4536577691,-2066381.7079928159,553.7006711267999,4d5e344dadf71606,03_codex_operator\round_03_codex_r3\seed_17\codex_r3.metrics.json,03_codex_operator\round_03_codex_r3\seed_17\codex_r3.csv,
codex_operator,round_03_codex_r3,codex_r3,19,96,58,286.64760508443703,3.767194489174711,26621.25,0.5771801103706841,106.82345600570093,0.5341172800285037,13,2193611.7823603726,419464.3605917911,-1774147.4217685815,486.17147637549607,bdddf93852d78d3e,03_codex_operator\round_03_codex_r3\seed_19\codex_r3.metrics.json,03_codex_operator\round_03_codex_r3\seed_19\codex_r3.csv,
codex_operator,round_03_codex_r3,codex_r3,23,96,60,347.2007871875649,8.713398183393302,26602.500000000004,0.5657199300506064,112.99850729743925,0.5649925364871962,15,2617037.8728129542,413711.8082919941,-2203326.06452096,587.4379452656331,97e412b0079b530b,03_codex_operator\round_03_codex_r3\seed_23\codex_r3.metrics.json,03_codex_operator\round_03_codex_r3\seed_23\codex_r3.csv,
codex_operator,round_03_codex_r3,codex_r3,31,96,51,252.1538872909263,12.096871811919609,26640.000000000004,0.586254105210714,93.89543661801206,0.4694771830900635,12,1952575.261036484,422741.26378217473,-1529833.9972543092,428.8138320903671,8cf57d922b9acf9d,03_codex_operator\round_03_codex_r3\seed_31\codex_r3.metrics.json,03_codex_operator\round_03_codex_r3\seed_31\codex_r3.csv,
codex_operator,round_03_codex_r3,codex_r3,41,96,56,279.5880033145702,5.052850005164023,26628.085856856243,0.5790296633056646,93.52505709373152,0.46762528546865667,13,2144342.0410078764,420135.02275992854,-1724207.0182479478,474.48844839532666,61f72d4251d6e922,03_codex_operator\round_03_codex_r3\seed_41\codex_r3.metrics.json,03_codex_operator\round_03_codex_r3\seed_41\codex_r3.csv,
codex_operator,round_03_codex_r3,codex_r3,42,96,58,303.08344857217133,14.407562054890958,26621.25,0.5758321622853491,97.10884218835804,0.48554421094178934,14,2308649.346255199,417902.9554604564,-1890746.3907947426,512.4848734280665,a3323c100d32ea1e,03_codex_operator\round_03_codex_r3\seed_42\codex_r3.metrics.json,03_codex_operator\round_03_codex_r3\seed_42\codex_r3.csv,
codex_operator,round_03_codex_r3,codex_r3,55,96,49,307.826501114477,14.865809723522155,26621.250000000004,0.5752175388655525,105.46886398146705,0.5273443199073355,14,2341850.7140513393,417452.36546893726,-1924398.348582402,520.350006422703,a22fdd887de479dc,03_codex_operator\round_03_codex_r3\seed_55\codex_r3.metrics.json,03_codex_operator\round_03_codex_r3\seed_55\codex_r3.csv,
codex_operator,round_03_codex_r3,codex_r3,67,96,62,327.6578386761697,6.5011575416742575,26606.616668644856,0.5693353972920632,100.49527294000072,0.5024763647000015,15,2480332.2665288546,415568.3884005766,-2064763.878128278,554.5946183355918,4644fb688a3ef6a1,03_codex_operator\round_03_codex_r3\seed_67\codex_r3.metrics.json,03_codex_operator\round_03_codex_r3\seed_67\codex_r3.csv,
codex_operator,round_03_codex_r3,codex_r3,73,96,58,265.6206698799431,17.674099911041523,26629.00348519872,0.584608215958965,87.76274052592026,0.4388137026296022,12,2046588.8846154138,421461.91943621804,-1625126.9651791959,450.24070095444574,3df6462ece7cf316,03_codex_operator\round_03_codex_r3\seed_73\codex_r3.metrics.json,03_codex_operator\round_03_codex_r3\seed_73\codex_r3.csv,
codex_operator,round_03_codex_r3,codex_r3,88,96,55,299.4210547891082,4.344971711816199,26621.250000000004,0.5747330482870183,109.15484915213514,0.5457742457606756,13,2283016.716009271,418250.8828698474,-1864765.8331394235,507.4669386436684,db9ae4c9df15e15c,03_codex_operator\round_03_codex_r3\seed_88\codex_r3.metrics.json,03_codex_operator\round_03_codex_r3\seed_88\codex_r3.csv,
codex_operator,round_03_codex_r3,codex_r3,99,96,58,289.7625729707533,9.941920668251628,26621.25,0.5778219221723916,106.30128653129611,0.531506432656478,13,2215416.2078071292,419168.4386425911,-1796247.769164538,490.67525799521405,48552262d946c3c9,03_codex_operator\round_03_codex_r3\seed_99\codex_r3.metrics.json,03_codex_operator\round_03_codex_r3\seed_99\codex_r3.csv,
